Timestamp,Ch1,Ch2,Ch3,Ch4,Ch5,Ch6,Ch7,Ch8
2025-09-03 13:20:36.661,-491749,-550267,-533756,-583196,2,2,2,2
2025-09-03 13:20:36.688,-491664,-550182,-550028,-583175,2,2,2,2
2025-09-03 13:20:36.715,-491642,-550140,-550000,-583147,2,2,2,2
2025-09-03 13:20:36.741,-491315,-549879,-533316,-582884,2,2,2,2
2025-09-03 13:20:36.767,-491390,-549892,-549736,-583139,2,2,2,2
2025-09-03 13:20:36.795,-491639,-534000,-549917,-583316,2,2,2,2
2025-09-03 13:20:36.823,-508029,-550045,-533519,-583051,2,2,2,2
2025-09-03 13:20:36.851,-491507,-549898,-533391,-582919,2,2,2,2
2025-09-03 13:20:36.878,-491514,-533532,-549773,-582913,2,2,2,2
2025-09-03 13:20:36.907,-491639,-550044,-549904,-583056,2,2,2,2
2025-09-03 13:20:36.934,-507909,-550264,-533734,-583266,2,2,2,2
2025-09-03 13:20:36.962,-474908,-550025,-541684,-582970,2,2,2,2
2025-09-03 13:20:36.989,-491628,-550357,-549903,-583311,2,2,2,2
2025-09-03 13:20:37.016,-491499,-533535,-549774,-582916,2,2,2,2
2025-09-03 13:20:37.043,-491649,-541930,-549897,-583054,2,2,2,2
2025-09-03 13:20:37.072,-491750,-550134,-549996,-583150,2,2,2,2
2025-09-03 13:20:37.099,-491761,-533766,-550004,-583138,2,2,2,2
2025-09-03 13:20:37.126,-491622,-533880,-550120,-583199,2,2,2,2
2025-09-03 13:20:37.153,-508020,-550006,-533480,-582926,2,2,2,2
2025-09-03 13:20:37.181,-491559,-550252,-533726,-583165,2,2,2,2
2025-09-03 13:20:37.208,-491753,-541946,-549925,-583046,2,2,2,2
2025-09-03 13:20:37.235,-491638,-550081,-549878,-583167,2,2,2,2
2025-09-03 13:20:37.263,-475070,-550027,-541458,-582937,2,2,2,2
2025-09-03 13:20:37.291,-491283,-549876,-549762,-582833,2,2,2,2
2025-09-03 13:20:37.318,-507980,-549890,-533389,-583152,2,2,2,2
2025-09-03 13:20:37.346,-491512,-549946,-549652,-583013,2,2,2,2
2025-09-03 13:20:37.374,-491533,-550085,-549740,-582964,2,2,2,2
2025-09-03 13:20:37.401,-491742,-549906,-533481,-582913,2,2,2,2
2025-09-03 13:20:37.427,-508004,-550021,-549736,-582960,2,2,2,2
2025-09-03 13:20:37.453,-491636,-533639,-549755,-574850,2,2,2,2
2025-09-03 13:20:37.481,-491540,-549940,-549654,-583013,2,2,2,2
2025-09-03 13:20:37.508,-491517,-549907,-533446,-582922,2,2,2,2
2025-09-03 13:20:37.535,-491641,-550091,-549740,-583051,2,2,2,2
2025-09-03 13:20:37.563,-491762,-533710,-549773,-583159,2,2,2,2
2025-09-03 13:20:37.590,-491525,-549890,-533492,-582930,2,2,2,2
2025-09-03 13:20:37.618,-491624,-533582,-549899,-583023,2,2,2,2
2025-09-03 13:20:37.645,-508004,-549995,-549900,-582949,2,2,2,2
2025-09-03 13:20:37.673,-491639,-550083,-549996,-583048,2,2,2,2
2025-09-03 13:20:37.702,-491569,-549994,-533512,-583023,2,2,2,2
2025-09-03 13:20:37.728,-491780,-533751,-550117,-583176,2,2,2,2
2025-09-03 13:20:37.757,-491528,-550118,-549860,-582913,2,2,2,2
2025-09-03 13:20:37.784,-508025,-549915,-549896,-582960,2,2,2,2
2025-09-03 13:20:37.812,-491529,-550118,-549777,-583158,2,2,2,2
2025-09-03 13:20:37.839,-507968,-550140,-541669,-582934,2,2,2,2
2025-09-03 13:20:37.865,-491539,-549882,-533404,-582933,2,2,2,2
2025-09-03 13:20:37.893,-475040,-549756,-549738,-582874,2,2,2,2
2025-09-03 13:20:37.920,-491548,-533736,-549786,-574744,2,2,2,2
2025-09-03 13:20:37.947,-491879,-550130,-550125,-583231,2,2,2,2
2025-09-03 13:20:37.975,-491730,-549910,-549639,-583059,2,2,2,2
2025-09-03 13:20:38.003,-491717,-549896,-549888,-583057,2,2,2,2
2025-09-03 13:20:38.031,-491577,-550141,-533490,-583034,2,2,2,2
2025-09-03 13:20:38.058,-491813,-550130,-550111,-583288,2,2,2,2
2025-09-03 13:20:38.085,-491808,-550365,-550043,-583266,2,2,2,2
2025-09-03 13:20:38.113,-491676,-549919,-549899,-583100,2,2,2,2
2025-09-03 13:20:38.139,-491936,-550162,-550137,-583368,2,2,2,2
2025-09-03 13:20:38.166,-491802,-542098,-550082,-583189,2,2,2,2
2025-09-03 13:20:38.193,-492024,-550195,-549995,-583420,2,2,2,2
2025-09-03 13:20:38.221,-508280,-550119,-550117,-583211,2,2,2,2
2025-09-03 13:20:38.248,-491928,-541981,-549906,-583324,2,2,2,2
2025-09-03 13:20:38.275,-507923,-550021,-549766,-582933,2,2,2,2
2025-09-03 13:20:38.303,-491874,-550086,-550034,-583189,2,2,2,2
2025-09-03 13:20:38.330,-492030,-533779,-550002,-583409,2,2,2,2
2025-09-03 13:20:38.358,-491826,-550039,-533745,-583270,2,2,2,2
2025-09-03 13:20:38.384,-491526,-549934,-549769,-582921,2,2,2,2
2025-09-03 13:20:38.411,-491678,-533759,-549908,-574945,2,2,2,2
2025-09-03 13:20:38.440,-491641,-541831,-549868,-583021,2,2,2,2
2025-09-03 13:20:38.467,-491770,-533517,-549918,-583162,2,2,2,2
2025-09-03 13:20:38.494,-491766,-533508,-549660,-574964,2,2,2,2
2025-09-03 13:20:38.520,-508140,-550132,-533517,-583147,2,2,2,2
2025-09-03 13:20:38.548,-491765,-533746,-549898,-583143,2,2,2,2
2025-09-03 13:20:38.574,-508153,-549891,-541725,-583172,2,2,2,2
2025-09-03 13:20:38.601,-508153,-549889,-541717,-583164,2,2,2,2
2025-09-03 13:20:38.629,-508038,-550042,-541671,-583105,2,2,2,2
2025-09-03 13:20:38.657,-492003,-550117,-533742,-583321,2,2,2,2
2025-09-03 13:20:38.685,-491891,-549947,-550019,-583233,2,2,2,2
2025-09-03 13:20:38.713,-491874,-533558,-549991,-575003,2,2,2,2
2025-09-03 13:20:38.740,-491767,-550133,-549893,-583163,2,2,2,2
2025-09-03 13:20:38.767,-491719,-550004,-549831,-583026,2,2,2,2
2025-09-03 13:20:38.794,-491759,-550041,-533503,-583142,2,2,2,2
2025-09-03 13:20:38.822,-491929,-550084,-550114,-583307,2,2,2,2
2025-09-03 13:20:38.849,-491792,-533754,-549914,-575222,2,2,2,2
2025-09-03 13:20:38.877,-491916,-549925,-550030,-583289,2,2,2,2
2025-09-03 13:20:38.904,-508486,-550150,-542049,-583424,2,2,2,2
2025-09-03 13:20:38.931,-508288,-550247,-533613,-583199,2,2,2,2
2025-09-03 13:20:38.959,-508305,-549996,-550009,-583202,2,2,2,2
2025-09-03 13:20:38.987,-491881,-550154,-549905,-583420,2,2,2,2
2025-09-03 13:20:39.014,-491795,-550123,-549888,-583108,2,2,2,2
2025-09-03 13:20:39.041,-491971,-550241,-533550,-583187,2,2,2,2
2025-09-03 13:20:39.069,-491776,-533737,-549880,-574868,2,2,2,2
2025-09-03 13:20:39.095,-491797,-549895,-533522,-583157,2,2,2,2
2025-09-03 13:20:39.123,-491802,-549914,-549914,-583167,2,2,2,2
2025-09-03 13:20:39.152,-491619,-533581,-549736,-574721,2,2,2,2
2025-09-03 13:20:39.179,-508139,-550126,-541677,-583109,2,2,2,2
2025-09-03 13:20:39.206,-491680,-533730,-549792,-583031,2,2,2,2
2025-09-03 13:20:39.232,-491913,-550300,-550091,-583270,2,2,2,2
2025-09-03 13:20:39.261,-491806,-533888,-549985,-574979,2,2,2,2
2025-09-03 13:20:39.289,-492003,-550140,-533719,-583310,2,2,2,2
2025-09-03 13:20:39.317,-491793,-550193,-549890,-583410,2,2,2,2
2025-09-03 13:20:39.344,-508177,-550252,-549892,-583173,2,2,2,2
2025-09-03 13:20:39.371,-492015,-550155,-550140,-583398,2,2,2,2
2025-09-03 13:20:39.398,-491904,-533652,-550005,-575081,2,2,2,2
2025-09-03 13:20:39.426,-491911,-550048,-550095,-583297,2,2,2,2
2025-09-03 13:20:39.455,-508212,-550284,-533615,-583278,2,2,2,2
2025-09-03 13:20:39.483,-491796,-550184,-549918,-583181,2,2,2,2
2025-09-03 13:20:39.509,-508350,-550124,-541928,-583389,2,2,2,2
2025-09-03 13:20:39.537,-491798,-550188,-549910,-583183,2,2,2,2
2025-09-03 13:20:39.564,-508299,-550374,-541850,-583386,2,2,2,2
2025-09-03 13:20:39.592,-491907,-550094,-550016,-583366,2,2,2,2
2025-09-03 13:20:39.618,-491935,-550129,-550115,-583398,2,2,2,2
2025-09-03 13:20:39.646,-492014,-550147,-550126,-583417,2,2,2,2
2025-09-03 13:20:39.673,-508395,-550390,-550048,-583413,2,2,2,2
2025-09-03 13:20:39.700,-508390,-550388,-533658,-583405,2,2,2,2
2025-09-03 13:20:39.728,-492028,-533818,-550147,-575243,2,2,2,2
2025-09-03 13:20:39.756,-508366,-550151,-541924,-583169,2,2,2,2
2025-09-03 13:20:39.783,-508644,-550397,-533990,-583671,2,2,2,2
2025-09-03 13:20:39.810,-492030,-541981,-550134,-583176,2,2,2,2
2025-09-03 13:20:39.838,-491907,-550360,-550014,-583306,2,2,2,2
2025-09-03 13:20:39.865,-491972,-550033,-533630,-583310,2,2,2,2
2025-09-03 13:20:39.892,-491907,-550296,-550083,-583322,2,2,2,2
2025-09-03 13:20:39.919,-492036,-550148,-533761,-583434,2,2,2,2
2025-09-03 13:20:39.945,-492014,-550129,-550115,-583172,2,2,2,2
2025-09-03 13:20:39.973,-491904,-550029,-550091,-583326,2,2,2,2
2025-09-03 13:20:40.000,-491875,-549926,-549994,-583362,2,2,2,2
2025-09-03 13:20:40.026,-508354,-550032,-533659,-583416,2,2,2,2
2025-09-03 13:20:40.053,-492005,-550027,-533687,-583420,2,2,2,2
2025-09-03 13:20:40.081,-492020,-533728,-550119,-583182,2,2,2,2
2025-09-03 13:20:40.108,-491976,-550260,-533584,-583313,2,2,2,2
2025-09-03 13:20:40.135,-508282,-550245,-533533,-583368,2,2,2,2
2025-09-03 13:20:40.163,-508529,-550244,-533791,-583546,2,2,2,2
2025-09-03 13:20:40.191,-492259,-550360,-550285,-583653,2,2,2,2
2025-09-03 13:20:40.218,-492089,-550242,-550163,-583555,2,2,2,2
2025-09-03 13:20:40.245,-492049,-550389,-550125,-583450,2,2,2,2
2025-09-03 13:20:40.273,-492182,-550355,-550280,-583626,2,2,2,2
2025-09-03 13:20:40.300,-492250,-550293,-533900,-583676,2,2,2,2
2025-09-03 13:20:40.329,-492174,-542062,-550186,-583576,2,2,2,2
2025-09-03 13:20:40.357,-492050,-541968,-550146,-583522,2,2,2,2
2025-09-03 13:20:40.385,-491899,-550204,-550005,-583347,2,2,2,2
2025-09-03 13:20:40.412,-492269,-542210,-550366,-583671,2,2,2,2
2025-09-03 13:20:40.440,-492157,-534139,-550258,-583547,2,2,2,2
2025-09-03 13:20:40.467,-492048,-550406,-550382,-583678,2,2,2,2
2025-09-03 13:20:40.494,-491789,-550170,-549898,-583190,2,2,2,2
2025-09-03 13:20:40.522,-492253,-550298,-533902,-583650,2,2,2,2
2025-09-03 13:20:40.549,-492143,-550193,-550166,-583476,2,2,2,2
2025-09-03 13:20:40.576,-492271,-534009,-550375,-575238,2,2,2,2
2025-09-03 13:20:40.602,-492039,-533775,-550145,-575338,2,2,2,2
2025-09-03 13:20:40.630,-508284,-550260,-541807,-583376,2,2,2,2
2025-09-03 13:20:40.657,-491905,-533896,-550021,-575209,2,2,2,2
2025-09-03 13:20:40.685,-491969,-550301,-533648,-583411,2,2,2,2
2025-09-03 13:20:40.712,-492049,-550420,-550154,-583530,2,2,2,2
2025-09-03 13:20:40.740,-492140,-534129,-550246,-583555,2,2,2,2
2025-09-03 13:20:40.767,-492020,-550149,-549890,-583192,2,2,2,2
2025-09-03 13:20:40.794,-491902,-550277,-549936,-583308,2,2,2,2
2025-09-03 13:20:40.821,-492021,-550153,-550129,-583443,2,2,2,2
2025-09-03 13:20:40.850,-508299,-550371,-541923,-583411,2,2,2,2
2025-09-03 13:20:40.876,-508231,-550286,-541843,-583384,2,2,2,2
2025-09-03 13:20:40.903,-508399,-550170,-533528,-583199,2,2,2,2
2025-09-03 13:20:40.930,-492011,-533824,-549913,-583275,2,2,2,2
2025-09-03 13:20:40.958,-491908,-550155,-550153,-583435,2,2,2,2
2025-09-03 13:20:40.986,-491911,-533763,-550147,-583424,2,2,2,2
2025-09-03 13:20:41.013,-508146,-550037,-541835,-583362,2,2,2,2
2025-09-03 13:20:41.041,-491925,-550244,-550188,-583522,2,2,2,2
2025-09-03 13:20:41.068,-492240,-550507,-533858,-583444,2,2,2,2
2025-09-03 13:20:41.096,-492151,-550506,-550165,-583443,2,2,2,2
2025-09-03 13:20:41.124,-492178,-550457,-550264,-583450,2,2,2,2
2025-09-03 13:20:41.150,-492156,-542305,-550172,-583439,2,2,2,2
2025-09-03 13:20:41.178,-492181,-550530,-550196,-583526,2,2,2,2
2025-09-03 13:20:41.206,-508410,-550393,-542185,-583638,2,2,2,2
2025-09-03 13:20:41.233,-492035,-542189,-550386,-583569,2,2,2,2
2025-09-03 13:20:41.260,-491805,-541963,-550168,-583423,2,2,2,2
2025-09-03 13:20:41.287,-491798,-533812,-549906,-583179,2,2,2,2
2025-09-03 13:20:41.315,-508394,-550376,-541939,-583399,2,2,2,2
2025-09-03 13:20:41.343,-508275,-550267,-533649,-583222,2,2,2,2
2025-09-03 13:20:41.369,-508337,-550371,-534004,-583570,2,2,2,2
2025-09-03 13:20:41.396,-491929,-534015,-550153,-583403,2,2,2,2
2025-09-03 13:20:41.423,-491795,-550193,-550261,-583446,2,2,2,2
2025-09-03 13:20:41.450,-491879,-550303,-550107,-583280,2,2,2,2
2025-09-03 13:20:41.478,-508163,-550279,-550003,-583176,2,2,2,2
2025-09-03 13:20:41.506,-491779,-550352,-550017,-583184,2,2,2,2
2025-09-03 13:20:41.535,-508401,-550294,-542086,-583422,2,2,2,2
2025-09-03 13:20:41.562,-491880,-533812,-550160,-583291,2,2,2,2
2025-09-03 13:20:41.589,-491926,-550281,-550204,-583408,2,2,2,2
2025-09-03 13:20:41.616,-491926,-550531,-550203,-583666,2,2,2,2
2025-09-03 13:20:41.642,-508344,-550292,-542101,-583441,2,2,2,2
2025-09-03 13:20:41.669,-491787,-550414,-550161,-583537,2,2,2,2
2025-09-03 13:20:41.695,-492023,-542215,-550393,-583540,2,2,2,2
2025-09-03 13:20:41.722,-508309,-550645,-550373,-583444,2,2,2,2
2025-09-03 13:20:41.749,-508544,-550652,-550542,-583698,2,2,2,2
2025-09-03 13:20:41.774,-508407,-550518,-550414,-583636,2,2,2,2
2025-09-03 13:20:41.803,-491761,-533878,-549895,-575121,2,2,2,2
2025-09-03 13:20:41.830,-491909,-550428,-550374,-583497,2,2,2,2
2025-09-03 13:20:41.857,-508202,-550651,-533890,-583437,2,2,2,2
2025-09-03 13:20:41.885,-492019,-534157,-550416,-575389,2,2,2,2
2025-09-03 13:20:41.912,-491874,-550655,-550271,-583434,2,2,2,2
2025-09-03 13:20:41.938,-491924,-542341,-550398,-583564,2,2,2,2
2025-09-03 13:20:41.965,-492026,-550637,-550414,-583662,2,2,2,2
2025-09-03 13:20:41.991,-492024,-542367,-550159,-583654,2,2,2,2
2025-09-03 13:20:42.019,-508401,-550547,-550155,-583670,2,2,2,2
2025-09-03 13:20:42.047,-491664,-550255,-550115,-583316,2,2,2,2
2025-09-03 13:20:42.074,-491892,-550443,-550294,-583552,2,2,2,2
2025-09-03 13:20:42.101,-491791,-550422,-550337,-583544,2,2,2,2
2025-09-03 13:20:42.129,-491770,-550406,-533870,-583528,2,2,2,2
2025-09-03 13:20:42.157,-508108,-550404,-542050,-583456,2,2,2,2
2025-09-03 13:20:42.185,-491756,-542202,-550178,-583440,2,2,2,2
2025-09-03 13:20:42.214,-491781,-534040,-550259,-575335,2,2,2,2
2025-09-03 13:20:42.242,-491743,-550383,-533822,-583425,2,2,2,2
2025-09-03 13:20:42.268,-491758,-550402,-533805,-583438,2,2,2,2
2025-09-03 13:20:42.296,-508173,-550512,-550284,-583478,2,2,2,2
2025-09-03 13:20:42.324,-492023,-550427,-550265,-583492,2,2,2,2
2025-09-03 13:20:42.353,-508158,-550502,-533899,-583532,2,2,2,2
2025-09-03 13:20:42.380,-508118,-550402,-533862,-583438,2,2,2,2
2025-09-03 13:20:42.408,-491559,-550378,-533779,-583398,2,2,2,2
2025-09-03 13:20:42.434,-491668,-550396,-550259,-583434,2,2,2,2
2025-09-03 13:20:42.462,-491762,-550427,-550294,-583547,2,2,2,2
2025-09-03 13:20:42.488,-491792,-534077,-550394,-583670,2,2,2,2
2025-09-03 13:20:42.515,-491532,-550199,-550148,-583376,2,2,2,2
2025-09-03 13:20:42.543,-491648,-542198,-550340,-583530,2,2,2,2
2025-09-03 13:20:42.570,-508181,-550541,-534029,-583684,2,2,2,2
2025-09-03 13:20:42.596,-491884,-550641,-550186,-583525,2,2,2,2
2025-09-03 13:20:42.623,-491994,-550418,-533964,-583583,2,2,2,2
2025-09-03 13:20:42.650,-491803,-542357,-550183,-583524,2,2,2,2
2025-09-03 13:20:42.679,-491997,-550423,-533986,-583583,2,2,2,2
2025-09-03 13:20:42.707,-508306,-550656,-550288,-583644,2,2,2,2
2025-09-03 13:20:42.734,-491874,-550553,-550188,-583543,2,2,2,2
2025-09-03 13:20:42.761,-491789,-542345,-550405,-583701,2,2,2,2
2025-09-03 13:20:42.789,-491637,-550384,-550251,-583536,2,2,2,2
2025-09-03 13:20:42.816,-491802,-550623,-550165,-583446,2,2,2,2
2025-09-03 13:20:42.843,-491919,-542218,-550193,-583559,2,2,2,2
2025-09-03 13:20:42.870,-508265,-550554,-542232,-583714,2,2,2,2
2025-09-03 13:20:42.898,-492003,-542219,-550351,-583579,2,2,2,2
2025-09-03 13:20:42.926,-491837,-550637,-533801,-583545,2,2,2,2
2025-09-03 13:20:42.953,-491538,-550281,-533764,-583440,2,2,2,2
2025-09-03 13:20:42.980,-491649,-534019,-550244,-575378,2,2,2,2
2025-09-03 13:20:43.006,-508384,-550418,-533885,-583654,2,2,2,2
2025-09-03 13:20:43.034,-492000,-550647,-534041,-583820,2,2,2,2
2025-09-03 13:20:43.061,-508131,-550420,-550258,-583651,2,2,2,2
2025-09-03 13:20:43.089,-508290,-550631,-534003,-583551,2,2,2,2
2025-09-03 13:20:43.116,-491934,-550652,-550170,-583568,2,2,2,2
2025-09-03 13:20:43.143,-491801,-550452,-550278,-583430,2,2,2,2
2025-09-03 13:20:43.171,-492024,-550651,-550174,-583577,2,2,2,2
2025-09-03 13:20:43.198,-508338,-550557,-542196,-583730,2,2,2,2
2025-09-03 13:20:43.226,-508290,-550511,-542182,-583439,2,2,2,2
2025-09-03 13:20:43.254,-491875,-550414,-550267,-583664,2,2,2,2
2025-09-03 13:20:43.283,-492043,-550656,-550438,-583916,2,2,2,2
2025-09-03 13:20:43.310,-491789,-550399,-550246,-583669,2,2,2,2
2025-09-03 13:20:43.337,-508286,-550500,-542085,-583706,2,2,2,2
2025-09-03 13:20:43.363,-508280,-550417,-550257,-583439,2,2,2,2
2025-09-03 13:20:43.391,-491901,-550429,-550256,-583439,2,2,2,2
2025-09-03 13:20:43.420,-508164,-550544,-534011,-583566,2,2,2,2
2025-09-03 13:20:43.448,-491773,-550292,-533753,-583580,2,2,2,2
2025-09-03 13:20:43.477,-491778,-550351,-550139,-583638,2,2,2,2
2025-09-03 13:20:43.503,-491886,-534013,-550174,-575481,2,2,2,2
2025-09-03 13:20:43.530,-491745,-550254,-550103,-583526,2,2,2,2
2025-09-03 13:20:43.556,-491898,-534008,-550172,-583665,2,2,2,2
2025-09-03 13:20:43.583,-492006,-550456,-550293,-583454,2,2,2,2
2025-09-03 13:20:43.609,-491622,-550390,-549908,-583359,2,2,2,2
2025-09-03 13:20:43.636,-508156,-550266,-550117,-583468,2,2,2,2
2025-09-03 13:20:43.664,-508141,-550253,-550039,-583446,2,2,2,2
2025-09-03 13:20:43.691,-491786,-550281,-550143,-583552,2,2,2,2
2025-09-03 13:20:43.719,-492022,-550438,-550292,-583439,2,2,2,2
2025-09-03 13:20:43.746,-491790,-550519,-533963,-583526,2,2,2,2
2025-09-03 13:20:43.773,-491839,-550625,-550174,-583572,2,2,2,2
2025-09-03 13:20:43.799,-508398,-550412,-533912,-583678,2,2,2,2
2025-09-03 13:20:43.826,-508406,-550429,-533910,-583683,2,2,2,2
2025-09-03 13:20:43.852,-508514,-550786,-550644,-583701,2,2,2,2
2025-09-03 13:20:43.879,-508413,-550505,-533909,-583680,2,2,2,2
2025-09-03 13:20:43.907,-492229,-550643,-534087,-583812,2,2,2,2
2025-09-03 13:20:43.936,-492277,-550768,-534159,-583932,2,2,2,2
2025-09-03 13:20:43.963,-492140,-534222,-550408,-583798,2,2,2,2
2025-09-03 13:20:43.990,-492063,-534251,-550383,-575519,2,2,2,2
2025-09-03 13:20:44.017,-492165,-550661,-550422,-583809,2,2,2,2
2025-09-03 13:20:44.043,-492333,-550904,-550643,-584043,2,2,2,2
2025-09-03 13:20:44.069,-492173,-550675,-550431,-583822,2,2,2,2
2025-09-03 13:20:44.097,-508413,-550532,-550297,-583676,2,2,2,2
2025-09-03 13:20:44.124,-492053,-534216,-550394,-583706,2,2,2,2
2025-09-03 13:20:44.151,-492165,-550910,-550412,-583732,2,2,2,2
2025-09-03 13:20:44.179,-492288,-550857,-550553,-583887,2,2,2,2
2025-09-03 13:20:44.205,-492177,-534293,-550500,-575620,2,2,2,2
2025-09-03 13:20:44.232,-492177,-542482,-550428,-583810,2,2,2,2
2025-09-03 13:20:44.262,-491982,-550425,-533819,-583545,2,2,2,2
2025-09-03 13:20:44.290,-492060,-534251,-550391,-583688,2,2,2,2
2025-09-03 13:20:44.318,-492191,-550693,-550514,-583808,2,2,2,2
2025-09-03 13:20:44.345,-492146,-534265,-550401,-583699,2,2,2,2
2025-09-03 13:20:44.371,-508406,-550518,-533889,-583559,2,2,2,2
2025-09-03 13:20:44.397,-508614,-550755,-542305,-583735,2,2,2,2
2025-09-03 13:20:44.424,-508417,-550533,-542076,-583635,2,2,2,2
2025-09-03 13:20:44.452,-492001,-550498,-533776,-583530,2,2,2,2
2025-09-03 13:20:44.478,-491793,-534201,-550284,-583579,2,2,2,2
2025-09-03 13:20:44.504,-491935,-550425,-550399,-583439,2,2,2,2
2025-09-03 13:20:44.531,-491893,-550404,-550372,-583671,2,2,2,2
2025-09-03 13:20:44.559,-491881,-550643,-550359,-583569,2,2,2,2
2025-09-03 13:20:44.586,-508289,-550410,-550373,-583650,2,2,2,2
2025-09-03 13:20:44.613,-491802,-550635,-533891,-583551,2,2,2,2
2025-09-03 13:20:44.640,-508164,-550520,-541974,-583440,2,2,2,2
2025-09-03 13:20:44.666,-492004,-550519,-534012,-583663,2,2,2,2
2025-09-03 13:20:44.694,-508515,-550900,-550527,-583719,2,2,2,2
2025-09-03 13:20:44.722,-492039,-550607,-550175,-583425,2,2,2,2
2025-09-03 13:20:44.749,-491876,-550639,-550197,-583521,2,2,2,2
2025-09-03 13:20:44.776,-491909,-550397,-550021,-583227,2,2,2,2
2025-09-03 13:20:44.805,-492030,-550443,-550139,-583364,2,2,2,2
2025-09-03 13:20:44.832,-508354,-550400,-533650,-583299,2,2,2,2
2025-09-03 13:20:44.861,-508224,-550386,-533657,-583297,2,2,2,2
2025-09-03 13:20:44.889,-492063,-550626,-550278,-583523,2,2,2,2
2025-09-03 13:20:44.917,-492026,-534142,-550165,-575477,2,2,2,2
2025-09-03 13:20:44.945,-508284,-550417,-542183,-583621,2,2,2,2
2025-09-03 13:20:44.973,-492042,-550886,-550449,-583674,2,2,2,2
2025-09-03 13:20:45.000,-492009,-550611,-550158,-583649,2,2,2,2
2025-09-03 13:20:45.026,-508319,-550537,-541956,-583381,2,2,2,2
2025-09-03 13:20:45.054,-491799,-534032,-550261,-583451,2,2,2,2
2025-09-03 13:20:45.081,-491806,-550503,-550350,-583526,2,2,2,2
2025-09-03 13:20:45.107,-491777,-550410,-550258,-583430,2,2,2,2
2025-09-03 13:20:45.134,-508311,-550637,-550165,-583414,2,2,2,2
2025-09-03 13:20:45.161,-491780,-550451,-550289,-583479,2,2,2,2
2025-09-03 13:20:45.190,-491801,-550529,-534011,-583551,2,2,2,2
2025-09-03 13:20:45.217,-492003,-550686,-533901,-583445,2,2,2,2
2025-09-03 13:20:45.245,-491934,-550424,-550202,-583451,2,2,2,2
2025-09-03 13:20:45.272,-508342,-550678,-542074,-583446,2,2,2,2
2025-09-03 13:20:45.299,-491782,-550616,-550384,-583639,2,2,2,2
2025-09-03 13:20:45.326,-491793,-550626,-550387,-583666,2,2,2,2
2025-09-03 13:20:45.351,-508222,-550771,-533865,-583534,2,2,2,2
2025-09-03 13:20:45.379,-508163,-550649,-534011,-583659,2,2,2,2
2025-09-03 13:20:45.408,-492083,-550687,-534044,-583694,2,2,2,2
2025-09-03 13:20:45.435,-492006,-550893,-533898,-583565,2,2,2,2
2025-09-03 13:20:45.461,-491980,-550552,-550203,-583546,2,2,2,2
2025-09-03 13:20:45.488,-508162,-550683,-542198,-583665,2,2,2,2
2025-09-03 13:20:45.516,-491895,-550791,-550195,-583543,2,2,2,2
2025-09-03 13:20:45.543,-491782,-534336,-550153,-583441,2,2,2,2
2025-09-03 13:20:45.571,-492030,-534301,-550146,-575257,2,2,2,2
2025-09-03 13:20:45.600,-508272,-550806,-542090,-583625,2,2,2,2
2025-09-03 13:20:45.628,-492007,-550646,-550388,-583664,2,2,2,2
2025-09-03 13:20:45.656,-508278,-550811,-550289,-583636,2,2,2,2
2025-09-03 13:20:45.683,-492001,-550900,-550396,-583682,2,2,2,2
2025-09-03 13:20:45.711,-508525,-551135,-550551,-583899,2,2,2,2
2025-09-03 13:20:45.739,-491798,-550533,-550350,-583570,2,2,2,2
2025-09-03 13:20:45.768,-508415,-550778,-542326,-583734,2,2,2,2
2025-09-03 13:20:45.794,-491993,-550688,-534072,-583711,2,2,2,2
2025-09-03 13:20:45.821,-492067,-550886,-534211,-583909,2,2,2,2
2025-09-03 13:20:45.847,-508273,-550674,-550395,-583687,2,2,2,2
2025-09-03 13:20:45.876,-491791,-550896,-550367,-583665,2,2,2,2
2025-09-03 13:20:45.903,-508393,-550886,-542354,-583916,2,2,2,2
2025-09-03 13:20:45.931,-492022,-534498,-550293,-583666,2,2,2,2
2025-09-03 13:20:45.959,-491772,-550668,-550395,-583474,2,2,2,2
2025-09-03 13:20:45.986,-508210,-550684,-541960,-583462,2,2,2,2
2025-09-03 13:20:46.013,-491986,-550882,-533824,-583563,2,2,2,2
2025-09-03 13:20:46.040,-491899,-550779,-550185,-583529,2,2,2,2
2025-09-03 13:20:46.069,-508269,-550763,-550423,-583700,2,2,2,2
2025-09-03 13:20:46.095,-508215,-550779,-533882,-583554,2,2,2,2
2025-09-03 13:20:46.123,-491791,-534339,-550165,-583449,2,2,2,2
2025-09-03 13:20:46.150,-492007,-550901,-550393,-583662,2,2,2,2
2025-09-03 13:20:46.177,-491975,-550806,-533902,-583562,2,2,2,2
2025-09-03 13:20:46.205,-508425,-550926,-534027,-583692,2,2,2,2
2025-09-03 13:20:46.232,-491895,-550700,-550259,-583557,2,2,2,2
2025-09-03 13:20:46.259,-508056,-550539,-550295,-583649,2,2,2,2
2025-09-03 13:20:46.286,-492026,-550879,-550381,-583684,2,2,2,2
2025-09-03 13:20:46.315,-491973,-550760,-550199,-583559,2,2,2,2
2025-09-03 13:20:46.341,-508282,-550676,-533866,-583485,2,2,2,2
2025-09-03 13:20:46.368,-491827,-550673,-550444,-583817,2,2,2,2
2025-09-03 13:20:46.395,-491779,-534466,-550413,-575514,2,2,2,2
2025-09-03 13:20:46.422,-508406,-550905,-534030,-583708,2,2,2,2
2025-09-03 13:20:46.450,-491930,-550860,-550386,-583687,2,2,2,2
2025-09-03 13:20:46.477,-491987,-550797,-550398,-583696,2,2,2,2
2025-09-03 13:20:46.504,-508170,-550657,-542309,-583728,2,2,2,2
2025-09-03 13:20:46.530,-508406,-550904,-542305,-583715,2,2,2,2
2025-09-03 13:20:46.559,-508175,-550677,-542087,-583487,2,2,2,2
2025-09-03 13:20:46.585,-491761,-550658,-550244,-583480,2,2,2,2
2025-09-03 13:20:46.612,-491624,-534059,-550304,-583567,2,2,2,2
2025-09-03 13:20:46.639,-508365,-550884,-534118,-583699,2,2,2,2
2025-09-03 13:20:46.667,-492006,-550897,-550529,-583707,2,2,2,2
2025-09-03 13:20:46.694,-508132,-550626,-542065,-583452,2,2,2,2
2025-09-03 13:20:46.721,-491531,-534028,-550029,-575087,2,2,2,2
2025-09-03 13:20:46.748,-491537,-550402,-550287,-583549,2,2,2,2
2025-09-03 13:20:46.776,-508031,-550510,-541956,-583410,2,2,2,2
2025-09-03 13:20:46.804,-491630,-534125,-550158,-575461,2,2,2,2
2025-09-03 13:20:46.832,-491645,-542322,-550171,-583674,2,2,2,2
2025-09-03 13:20:46.860,-507914,-550656,-550378,-583636,2,2,2,2
2025-09-03 13:20:46.887,-508292,-550788,-542226,-583679,2,2,2,2
2025-09-03 13:20:46.913,-491540,-550424,-550387,-583620,2,2,2,2
2025-09-03 13:20:46.942,-491790,-550670,-550389,-583626,2,2,2,2
2025-09-03 13:20:46.969,-491977,-550789,-550444,-583712,2,2,2,2
2025-09-03 13:20:46.996,-492003,-550877,-550532,-583810,2,2,2,2
2025-09-03 13:20:47.024,-491911,-550868,-550523,-583797,2,2,2,2
2025-09-03 13:20:47.050,-491836,-550786,-534047,-583784,2,2,2,2
2025-09-03 13:20:47.079,-491898,-534466,-550501,-583780,2,2,2,2
2025-09-03 13:20:47.107,-491838,-550789,-534082,-583781,2,2,2,2
2025-09-03 13:20:47.134,-491815,-550768,-534038,-583692,2,2,2,2
2025-09-03 13:20:47.162,-491794,-534335,-550411,-583684,2,2,2,2
2025-09-03 13:20:47.190,-508302,-550888,-542350,-583883,2,2,2,2
2025-09-03 13:20:47.216,-492031,-550688,-534263,-583933,2,2,2,2
2025-09-03 13:20:47.242,-508222,-550790,-534129,-583800,2,2,2,2
2025-09-03 13:20:47.270,-491642,-542364,-550342,-583561,2,2,2,2
2025-09-03 13:20:47.296,-491713,-550640,-550360,-583582,2,2,2,2
2025-09-03 13:20:47.324,-491794,-550775,-550427,-583783,2,2,2,2
2025-09-03 13:20:47.351,-508293,-550912,-542353,-583909,2,2,2,2
2025-09-03 13:20:47.378,-491874,-550811,-550450,-583829,2,2,2,2
2025-09-03 13:20:47.404,-491800,-534465,-550499,-583809,2,2,2,2
2025-09-03 13:20:47.431,-508164,-550810,-550432,-583877,2,2,2,2
2025-09-03 13:20:47.466,-491923,-550756,-550608,-583690,2,2,2,2
2025-09-03 13:20:47.485,-491984,-551016,-550464,-583933,2,2,2,2
2025-09-03 13:20:47.513,-492132,-550935,-550686,-584128,2,2,2,2
2025-09-03 13:20:47.540,-492057,-550918,-550675,-584114,2,2,2,2
2025-09-03 13:20:47.567,-492023,-551066,-550626,-583963,2,2,2,2
2025-09-03 13:20:47.594,-492029,-550915,-534261,-583805,2,2,2,2
2025-09-03 13:20:47.621,-492046,-534533,-550660,-575872,2,2,2,2
2025-09-03 13:20:47.649,-492032,-534524,-550558,-575605,2,2,2,2
2025-09-03 13:20:47.676,-508235,-550762,-534030,-583828,2,2,2,2
2025-09-03 13:20:47.704,-491838,-551047,-534071,-583840,2,2,2,2
2025-09-03 13:20:47.732,-491826,-551033,-534049,-583905,2,2,2,2
2025-09-03 13:20:47.760,-492007,-550935,-550639,-583759,2,2,2,2
2025-09-03 13:20:47.787,-491797,-551110,-550499,-583872,2,2,2,2
2025-09-03 13:20:47.814,-491533,-550769,-534013,-583567,2,2,2,2
2025-09-03 13:20:47.842,-508357,-550943,-534263,-583795,2,2,2,2
2025-09-03 13:20:47.868,-491888,-550887,-550593,-583936,2,2,2,2
2025-09-03 13:20:47.896,-508166,-550796,-542237,-583897,2,2,2,2
2025-09-03 13:20:47.924,-491886,-534528,-550542,-575738,2,2,2,2
2025-09-03 13:20:47.950,-491914,-550919,-550547,-583734,2,2,2,2
2025-09-03 13:20:47.978,-491909,-542720,-550617,-583697,2,2,2,2
2025-09-03 13:20:48.005,-492017,-534607,-550407,-575618,2,2,2,2
2025-09-03 13:20:48.032,-508159,-550774,-550417,-583744,2,2,2,2
2025-09-03 13:20:48.060,-491647,-534480,-550293,-575505,2,2,2,2
2025-09-03 13:20:48.088,-492003,-550942,-534267,-583803,2,2,2,2
2025-09-03 13:20:48.115,-492005,-550937,-550406,-583810,2,2,2,2
2025-09-03 13:20:48.141,-492004,-550922,-534265,-583795,2,2,2,2
2025-09-03 13:20:48.169,-491894,-550892,-550623,-583684,2,2,2,2
2025-09-03 13:20:48.196,-508259,-550814,-550542,-583681,2,2,2,2
2025-09-03 13:20:48.225,-491760,-550680,-550415,-583876,2,2,2,2
2025-09-03 13:20:48.252,-491893,-542954,-550615,-583940,2,2,2,2
2025-09-03 13:20:48.279,-491759,-550759,-533780,-583551,2,2,2,2
2025-09-03 13:20:48.307,-491774,-534317,-550421,-583820,2,2,2,2
2025-09-03 13:20:48.334,-491538,-550599,-550250,-583626,2,2,2,2
2025-09-03 13:20:48.361,-508149,-550771,-534023,-583831,2,2,2,2
2025-09-03 13:20:48.387,-491904,-542714,-550603,-583706,2,2,2,2
2025-09-03 13:20:48.415,-491797,-534454,-550505,-575732,2,2,2,2
2025-09-03 13:20:48.442,-508161,-550791,-542231,-583933,2,2,2,2
2025-09-03 13:20:48.470,-491659,-550684,-550297,-583806,2,2,2,2
2025-09-03 13:20:48.496,-491649,-550677,-550288,-583527,2,2,2,2
2025-09-03 13:20:48.522,-475126,-550537,-541951,-583642,2,2,2,2
2025-09-03 13:20:48.550,-508147,-550852,-550386,-583634,2,2,2,2
2025-09-03 13:20:48.578,-507906,-550805,-550395,-583644,2,2,2,2
2025-09-03 13:20:48.605,-491583,-550668,-533864,-583700,2,2,2,2
2025-09-03 13:20:48.632,-508178,-550882,-550394,-583907,2,2,2,2
2025-09-03 13:20:48.660,-491791,-551153,-550653,-583907,2,2,2,2
2025-09-03 13:20:48.686,-491982,-551041,-534152,-583805,2,2,2,2
2025-09-03 13:20:48.714,-491650,-550706,-550271,-583757,2,2,2,2
2025-09-03 13:20:48.740,-508302,-551021,-542325,-583713,2,2,2,2
2025-09-03 13:20:48.767,-491679,-534453,-550296,-575629,2,2,2,2
2025-09-03 13:20:48.794,-492012,-542872,-550624,-583836,2,2,2,2
2025-09-03 13:20:48.821,-491784,-534515,-550395,-575493,2,2,2,2
2025-09-03 13:20:48.848,-491667,-550712,-550293,-583868,2,2,2,2
2025-09-03 13:20:48.875,-491798,-551164,-550411,-583953,2,2,2,2
2025-09-03 13:20:48.903,-508085,-550779,-542105,-583907,2,2,2,2
2025-09-03 13:20:48.930,-491765,-550877,-550399,-583703,2,2,2,2
2025-09-03 13:20:48.957,-491820,-550926,-550462,-583821,2,2,2,2
2025-09-03 13:20:48.985,-508100,-550673,-533985,-583906,2,2,2,2
2025-09-03 13:20:49.011,-491651,-550700,-550393,-583667,2,2,2,2
2025-09-03 13:20:49.038,-491633,-534275,-550295,-583828,2,2,2,2
2025-09-03 13:20:49.064,-508149,-550796,-541979,-583719,2,2,2,2
2025-09-03 13:20:49.092,-508161,-550870,-550502,-583737,2,2,2,2
2025-09-03 13:20:49.120,-508102,-550779,-534013,-583707,2,2,2,2
2025-09-03 13:20:49.149,-491784,-550800,-534083,-583800,2,2,2,2
2025-09-03 13:20:49.177,-508292,-550906,-550627,-583923,2,2,2,2
2025-09-03 13:20:49.207,-508041,-550905,-550283,-583682,2,2,2,2
2025-09-03 13:20:49.233,-508175,-550773,-542236,-583741,2,2,2,2
2025-09-03 13:20:49.260,-507921,-550524,-550241,-583634,2,2,2,2
2025-09-03 13:20:49.289,-491806,-550871,-550530,-583916,2,2,2,2
2025-09-03 13:20:49.315,-508017,-550816,-533918,-583930,2,2,2,2
2025-09-03 13:20:49.343,-508063,-550657,-550147,-583729,2,2,2,2
2025-09-03 13:20:49.371,-507917,-550507,-533882,-583650,2,2,2,2
2025-09-03 13:20:49.399,-491741,-550650,-533815,-583789,2,2,2,2
2025-09-03 13:20:49.426,-508033,-550546,-550391,-583708,2,2,2,2
2025-09-03 13:20:49.454,-507918,-550782,-550291,-583924,2,2,2,2
2025-09-03 13:20:49.481,-491530,-550690,-550284,-583918,2,2,2,2
2025-09-03 13:20:49.508,-508093,-550899,-542239,-583736,2,2,2,2
2025-09-03 13:20:49.535,-491801,-550767,-534155,-583916,2,2,2,2
2025-09-03 13:20:49.567,-507907,-550674,-550263,-583903,2,2,2,2
2025-09-03 13:20:49.589,-491637,-550854,-550385,-583739,2,2,2,2
2025-09-03 13:20:49.616,-507968,-550754,-533918,-583927,2,2,2,2
2025-09-03 13:20:49.645,-491678,-534455,-550432,-583810,2,2,2,2
2025-09-03 13:20:49.671,-491526,-550658,-550267,-583926,2,2,2,2
2025-09-03 13:20:49.698,-491769,-534527,-550534,-583908,2,2,2,2
2025-09-03 13:20:49.726,-491928,-550715,-550422,-584076,2,2,2,2
2025-09-03 13:20:49.753,-491814,-551014,-534268,-584038,2,2,2,2
2025-09-03 13:20:49.780,-491789,-534527,-550552,-583946,2,2,2,2
2025-09-03 13:20:49.807,-508165,-550897,-542338,-583936,2,2,2,2
2025-09-03 13:20:49.835,-491921,-542854,-550674,-584076,2,2,2,2
2025-09-03 13:20:49.863,-492029,-550886,-550526,-584182,2,2,2,2
2025-09-03 13:20:49.890,-491873,-542466,-550628,-583968,2,2,2,2
2025-09-03 13:20:49.917,-491791,-550900,-550603,-583944,2,2,2,2
2025-09-03 13:20:49.945,-491803,-550691,-550635,-583990,2,2,2,2
2025-09-03 13:20:49.972,-491801,-534286,-550560,-575753,2,2,2,2
2025-09-03 13:20:50.000,-491779,-550906,-550540,-583941,2,2,2,2
2025-09-03 13:20:50.027,-492006,-542621,-550440,-584094,2,2,2,2
2025-09-03 13:20:50.054,-508285,-551018,-542454,-583978,2,2,2,2
2025-09-03 13:20:50.081,-491619,-550668,-550371,-583701,2,2,2,2
2025-09-03 13:20:50.108,-491907,-550677,-550631,-584004,2,2,2,2
2025-09-03 13:20:50.135,-491770,-550804,-534079,-583832,2,2,2,2
2025-09-03 13:20:50.162,-507959,-550629,-542064,-583920,2,2,2,2
2025-09-03 13:20:50.191,-491633,-550657,-550281,-583928,2,2,2,2
2025-09-03 13:20:50.218,-507932,-550644,-550273,-583917,2,2,2,2
2025-09-03 13:20:50.246,-491927,-534329,-550640,-584048,2,2,2,2
2025-09-03 13:20:50.272,-491775,-550607,-550246,-583902,2,2,2,2
2025-09-03 13:20:50.299,-491542,-550620,-550257,-583922,2,2,2,2
2025-09-03 13:20:50.326,-507908,-550534,-533778,-583649,2,2,2,2
2025-09-03 13:20:50.354,-508011,-550646,-542089,-583692,2,2,2,2
2025-09-03 13:20:50.382,-491546,-542348,-550183,-583658,2,2,2,2
2025-09-03 13:20:50.408,-491490,-534043,-550125,-583541,2,2,2,2
2025-09-03 13:20:50.436,-491539,-550534,-533819,-583833,2,2,2,2
2025-09-03 13:20:50.463,-491666,-550644,-550301,-583715,2,2,2,2
2025-09-03 13:20:50.491,-508008,-550524,-550249,-583908,2,2,2,2
2025-09-03 13:20:50.518,-491653,-534230,-550267,-583680,2,2,2,2
2025-09-03 13:20:50.544,-491664,-534245,-550294,-575489,2,2,2,2
2025-09-03 13:20:50.571,-507963,-550527,-533787,-583906,2,2,2,2
2025-09-03 13:20:50.598,-491417,-534013,-550047,-575259,2,2,2,2
2025-09-03 13:20:50.625,-491720,-550651,-533954,-583702,2,2,2,2
2025-09-03 13:20:50.652,-491561,-550631,-533887,-583931,2,2,2,2
2025-09-03 13:20:50.679,-491745,-534068,-550388,-583777,2,2,2,2
2025-09-03 13:20:50.707,-508055,-550423,-550373,-583710,2,2,2,2
2025-09-03 13:20:50.736,-491575,-550629,-533889,-583922,2,2,2,2
2025-09-03 13:20:50.762,-491746,-542230,-550371,-583777,2,2,2,2
2025-09-03 13:20:50.789,-491760,-534129,-550377,-575614,2,2,2,2
2025-09-03 13:20:50.815,-508034,-550405,-542103,-583699,2,2,2,2
2025-09-03 13:20:50.842,-507906,-550529,-533780,-583575,2,2,2,2
2025-09-03 13:20:50.871,-507924,-550536,-541970,-583667,2,2,2,2
2025-09-03 13:20:50.898,-474907,-550277,-541711,-583658,2,2,2,2
2025-09-03 13:20:50.927,-474926,-550375,-533610,-583450,2,2,2,2
2025-09-03 13:20:50.953,-491514,-550501,-550117,-583578,2,2,2,2
2025-09-03 13:20:50.982,-491674,-542454,-550343,-583793,2,2,2,2
2025-09-03 13:20:51.010,-507960,-550523,-541981,-583679,2,2,2,2
2025-09-03 13:20:51.038,-491672,-550631,-550285,-583799,2,2,2,2
2025-09-03 13:20:51.066,-491643,-550540,-550196,-583702,2,2,2,2
2025-09-03 13:20:51.093,-491570,-550525,-533795,-583678,2,2,2,2
2025-09-03 13:20:51.119,-491640,-534079,-550257,-583930,2,2,2,2
2025-09-03 13:20:51.145,-491728,-550558,-533900,-583707,2,2,2,2
2025-09-03 13:20:51.173,-491623,-534147,-550255,-583684,2,2,2,2
2025-09-03 13:20:51.200,-492009,-534285,-550401,-584084,2,2,2,2
2025-09-03 13:20:51.229,-508173,-550769,-534113,-583934,2,2,2,2
2025-09-03 13:20:51.256,-491903,-550886,-550539,-583967,2,2,2,2
2025-09-03 13:20:51.284,-491889,-534499,-550514,-575755,2,2,2,2
2025-09-03 13:20:51.311,-491795,-534461,-550507,-583949,2,2,2,2
2025-09-03 13:20:51.339,-491925,-550691,-550634,-584050,2,2,2,2
2025-09-03 13:20:51.365,-491655,-534293,-550296,-583777,2,2,2,2
2025-09-03 13:20:51.392,-491775,-550537,-550179,-583913,2,2,2,2
2025-09-03 13:20:51.419,-491878,-534516,-550539,-575746,2,2,2,2
2025-09-03 13:20:51.447,-507913,-550549,-542053,-583921,2,2,2,2
2025-09-03 13:20:51.475,-491773,-534145,-550166,-583905,2,2,2,2
2025-09-03 13:20:51.502,-508018,-550644,-550291,-583709,2,2,2,2
2025-09-03 13:20:51.529,-491578,-550653,-533975,-583699,2,2,2,2
2025-09-03 13:20:51.556,-491769,-550523,-550170,-583836,2,2,2,2
2025-09-03 13:20:51.584,-508006,-550558,-542090,-583936,2,2,2,2
2025-09-03 13:20:51.611,-491760,-550678,-534019,-583804,2,2,2,2
2025-09-03 13:20:51.638,-491791,-550713,-550499,-583916,2,2,2,2
2025-09-03 13:20:51.665,-491658,-534251,-550298,-575517,2,2,2,2
2025-09-03 13:20:51.692,-491741,-550426,-533773,-583812,2,2,2,2
2025-09-03 13:20:51.721,-491775,-534060,-550173,-583840,2,2,2,2
2025-09-03 13:20:51.748,-491916,-550658,-550633,-584053,2,2,2,2
2025-09-03 13:20:51.776,-491808,-534407,-550531,-583923,2,2,2,2
2025-09-03 13:20:51.804,-491734,-550668,-534006,-583787,2,2,2,2
2025-09-03 13:20:51.831,-491739,-550679,-550403,-583801,2,2,2,2
2025-09-03 13:20:51.858,-491672,-534025,-550158,-583802,2,2,2,2
2025-09-03 13:20:51.884,-491758,-550435,-550168,-583826,2,2,2,2
2025-09-03 13:20:51.912,-508135,-550420,-550170,-583736,2,2,2,2
2025-09-03 13:20:51.939,-491544,-550455,-550278,-583914,2,2,2,2
2025-09-03 13:20:51.966,-491762,-534055,-550250,-583817,2,2,2,2
2025-09-03 13:20:51.994,-491673,-534279,-550416,-575588,2,2,2,2
2025-09-03 13:20:52.021,-491801,-550780,-550456,-583916,2,2,2,2
2025-09-03 13:20:52.048,-491656,-542451,-550395,-583791,2,2,2,2
2025-09-03 13:20:52.075,-491630,-550600,-550292,-583929,2,2,2,2
2025-09-03 13:20:52.102,-491629,-550532,-550351,-583918,2,2,2,2
2025-09-03 13:20:52.130,-508154,-550663,-542236,-583739,2,2,2,2
2025-09-03 13:20:52.157,-507930,-550517,-550274,-583891,2,2,2,2
2025-09-03 13:20:52.184,-491889,-550855,-550559,-583888,2,2,2,2
2025-09-03 13:20:52.211,-491670,-534269,-550150,-575585,2,2,2,2
2025-09-03 13:20:52.238,-491748,-550682,-550414,-583783,2,2,2,2
2025-09-03 13:20:52.265,-491525,-534219,-550261,-583800,2,2,2,2
2025-09-03 13:20:52.291,-491744,-550425,-533773,-583686,2,2,2,2
2025-09-03 13:20:52.319,-491763,-550788,-534068,-583707,2,2,2,2
2025-09-03 13:20:52.347,-491748,-550531,-533799,-583704,2,2,2,2
2025-09-03 13:20:52.375,-508035,-550501,-541966,-583678,2,2,2,2
2025-09-03 13:20:52.402,-491816,-550664,-534200,-583800,2,2,2,2
2025-09-03 13:20:52.428,-508160,-550633,-533872,-583691,2,2,2,2
2025-09-03 13:20:52.457,-507907,-550650,-533896,-583778,2,2,2,2
2025-09-03 13:20:52.485,-491667,-550546,-550176,-583673,2,2,2,2
2025-09-03 13:20:52.511,-491566,-550422,-550373,-583543,2,2,2,2
2025-09-03 13:20:52.539,-508110,-550803,-542237,-583933,2,2,2,2
2025-09-03 13:20:52.566,-491638,-534372,-550301,-575622,2,2,2,2
2025-09-03 13:20:52.593,-491533,-542450,-550199,-583454,2,2,2,2
2025-09-03 13:20:52.620,-508157,-550632,-541982,-583671,2,2,2,2
2025-09-03 13:20:52.647,-491761,-550608,-550396,-583581,2,2,2,2
2025-09-03 13:20:52.674,-475019,-550533,-541925,-583632,2,2,2,2
2025-09-03 13:20:52.702,-491773,-550653,-533787,-583682,2,2,2,2
2025-09-03 13:20:52.730,-491737,-550532,-534014,-583576,2,2,2,2
2025-09-03 13:20:52.757,-491772,-550628,-533763,-583669,2,2,2,2
2025-09-03 13:20:52.784,-491771,-534207,-550154,-583649,2,2,2,2
2025-09-03 13:20:52.811,-491565,-550681,-533866,-583691,2,2,2,2
2025-09-03 13:20:52.837,-507964,-550663,-533790,-583674,2,2,2,2
2025-09-03 13:20:52.865,-508086,-550529,-542185,-583617,2,2,2,2
2025-09-03 13:20:52.894,-491752,-550537,-550384,-583576,2,2,2,2
2025-09-03 13:20:52.922,-508062,-550535,-550371,-583619,2,2,2,2
2025-09-03 13:20:52.948,-491627,-550663,-550255,-583692,2,2,2,2
2025-09-03 13:20:52.974,-491524,-550633,-533763,-583659,2,2,2,2
2025-09-03 13:20:53.003,-507911,-550653,-542049,-583683,2,2,2,2
2025-09-03 13:20:53.030,-491582,-550679,-533821,-583702,2,2,2,2
2025-09-03 13:20:53.056,-491759,-550802,-550398,-583833,2,2,2,2
2025-09-03 13:20:53.083,-492007,-534451,-550637,-575614,2,2,2,2
2025-09-03 13:20:53.110,-507941,-550753,-533873,-583673,2,2,2,2
2025-09-03 13:20:53.137,-508089,-550797,-533993,-583782,2,2,2,2
2025-09-03 13:20:53.164,-508160,-550898,-534010,-583876,2,2,2,2
2025-09-03 13:20:53.191,-508212,-550676,-542231,-583914,2,2,2,2
2025-09-03 13:20:53.219,-491878,-550950,-550503,-583923,2,2,2,2
2025-09-03 13:20:53.246,-491883,-534326,-550500,-575735,2,2,2,2
2025-09-03 13:20:53.274,-491758,-550815,-533977,-583797,2,2,2,2
2025-09-03 13:20:53.301,-507915,-550652,-550396,-583486,2,2,2,2
2025-09-03 13:20:53.328,-491796,-550673,-550394,-583910,2,2,2,2
2025-09-03 13:20:53.356,-491776,-550907,-550383,-583824,2,2,2,2
2025-09-03 13:20:53.383,-491668,-534449,-550288,-575599,2,2,2,2
2025-09-03 13:20:53.411,-491791,-550682,-550428,-583915,2,2,2,2
2025-09-03 13:20:53.439,-508158,-550668,-550397,-583632,2,2,2,2
2025-09-03 13:20:53.465,-491512,-550636,-533661,-583558,2,2,2,2
2025-09-03 13:20:53.492,-508108,-550558,-533888,-583545,2,2,2,2
2025-09-03 13:20:53.521,-491544,-550435,-550134,-583674,2,2,2,2
2025-09-03 13:20:53.549,-491621,-550763,-550388,-583681,2,2,2,2
2025-09-03 13:20:53.574,-507916,-550499,-550117,-583666,2,2,2,2
2025-09-03 13:20:53.602,-491648,-534474,-550156,-583707,2,2,2,2
2025-09-03 13:20:53.628,-491410,-550633,-549986,-583469,2,2,2,2
2025-09-03 13:20:53.656,-491538,-534138,-550120,-583670,2,2,2,2
2025-09-03 13:20:53.682,-508008,-550792,-550383,-583673,2,2,2,2
2025-09-03 13:20:53.710,-507909,-550756,-542081,-583640,2,2,2,2
2025-09-03 13:20:53.738,-491761,-534285,-550166,-575602,2,2,2,2
2025-09-03 13:20:53.765,-508137,-550676,-550249,-583873,2,2,2,2
2025-09-03 13:20:53.791,-491549,-542606,-550360,-583667,2,2,2,2
2025-09-03 13:20:53.818,-508169,-550766,-533880,-583801,2,2,2,2
2025-09-03 13:20:53.846,-491718,-550813,-534003,-583659,2,2,2,2
2025-09-03 13:20:53.874,-491664,-550635,-550147,-583671,2,2,2,2
2025-09-03 13:20:53.901,-508277,-550810,-542183,-583903,2,2,2,2
2025-09-03 13:20:53.927,-491904,-550859,-550371,-583907,2,2,2,2
2025-09-03 13:20:53.955,-491629,-534349,-550281,-583550,2,2,2,2
2025-09-03 13:20:53.983,-508411,-550900,-542220,-583687,2,2,2,2
2025-09-03 13:20:54.011,-491529,-550655,-533774,-583426,2,2,2,2
2025-09-03 13:20:54.039,-491912,-542843,-550460,-583795,2,2,2,2
2025-09-03 13:20:54.066,-491875,-534286,-550169,-575496,2,2,2,2
2025-09-03 13:20:54.094,-491529,-550625,-533753,-583323,2,2,2,2
2025-09-03 13:20:54.122,-508105,-550765,-533884,-583447,2,2,2,2
2025-09-03 13:20:54.150,-508388,-550765,-550276,-583699,2,2,2,2
2025-09-03 13:20:54.176,-508191,-550807,-534008,-583567,2,2,2,2
2025-09-03 13:20:54.202,-491914,-550677,-550243,-583627,2,2,2,2
2025-09-03 13:20:54.230,-508286,-550673,-550171,-583650,2,2,2,2
2025-09-03 13:20:54.258,-491640,-534290,-550175,-583579,2,2,2,2
2025-09-03 13:20:54.286,-508280,-550669,-550148,-583632,2,2,2,2
2025-09-03 13:20:54.314,-491811,-550891,-534010,-583546,2,2,2,2
2025-09-03 13:20:54.342,-491886,-534520,-550149,-583550,2,2,2,2
2025-09-03 13:20:54.370,-491767,-534406,-550275,-575242,2,2,2,2
2025-09-03 13:20:54.396,-491724,-550677,-533789,-583574,2,2,2,2
2025-09-03 13:20:54.424,-491730,-550670,-533821,-583572,2,2,2,2
2025-09-03 13:20:54.450,-508182,-550873,-550378,-583450,2,2,2,2
2025-09-03 13:20:54.477,-491936,-534330,-550261,-575387,2,2,2,2
2025-09-03 13:20:54.504,-491546,-534212,-550121,-583442,2,2,2,2
2025-09-03 13:20:54.532,-491550,-534135,-550113,-575236,2,2,2,2
2025-09-03 13:20:54.560,-491758,-550652,-550258,-583620,2,2,2,2
2025-09-03 13:20:54.587,-491642,-534134,-550047,-583439,2,2,2,2
2025-09-03 13:20:54.614,-491670,-534157,-550128,-575248,2,2,2,2
2025-09-03 13:20:54.641,-491981,-550756,-550377,-583679,2,2,2,2
2025-09-03 13:20:54.668,-491973,-550669,-533979,-583676,2,2,2,2
2025-09-03 13:20:54.696,-508219,-550632,-533869,-583571,2,2,2,2
2025-09-03 13:20:54.724,-491751,-550429,-533746,-583434,2,2,2,2
2025-09-03 13:20:54.751,-491778,-534369,-550156,-575263,2,2,2,2
2025-09-03 13:20:54.777,-491901,-542433,-550350,-583572,2,2,2,2
2025-09-03 13:20:54.804,-491881,-550711,-550247,-583551,2,2,2,2
2025-09-03 13:20:54.832,-491906,-550538,-550197,-583569,2,2,2,2
2025-09-03 13:20:54.859,-492025,-550657,-550398,-583439,2,2,2,2
2025-09-03 13:20:54.886,-491901,-550859,-550259,-583631,2,2,2,2
2025-09-03 13:20:54.913,-491889,-550779,-550181,-583545,2,2,2,2
2025-09-03 13:20:54.941,-492274,-550900,-534250,-583927,2,2,2,2
2025-09-03 13:20:54.969,-492017,-550901,-550387,-583693,2,2,2,2
2025-09-03 13:20:54.997,-492282,-534532,-550650,-583690,2,2,2,2
2025-09-03 13:20:55.025,-508552,-550800,-550525,-583909,2,2,2,2
2025-09-03 13:20:55.052,-491931,-550622,-550284,-583426,2,2,2,2
2025-09-03 13:20:55.080,-492078,-550680,-534092,-583820,2,2,2,2
2025-09-03 13:20:55.107,-492016,-542690,-550380,-583777,2,2,2,2
2025-09-03 13:20:55.133,-491824,-550674,-533784,-583560,2,2,2,2
2025-09-03 13:20:55.160,-492274,-542587,-550640,-583694,2,2,2,2
2025-09-03 13:20:55.187,-492239,-550766,-534142,-583921,2,2,2,2
2025-09-03 13:20:55.215,-492167,-534582,-550524,-575727,2,2,2,2
2025-09-03 13:20:55.243,-492190,-550700,-550557,-583687,2,2,2,2
2025-09-03 13:20:55.269,-492184,-534348,-550555,-575503,2,2,2,2
2025-09-03 13:20:55.297,-492280,-550877,-550652,-583880,2,2,2,2
2025-09-03 13:20:55.325,-492026,-550796,-533998,-583799,2,2,2,2
2025-09-03 13:20:55.353,-492055,-550914,-550428,-583926,2,2,2,2
2025-09-03 13:20:55.380,-492181,-534402,-550535,-575592,2,2,2,2
2025-09-03 13:20:55.408,-492036,-550895,-550644,-583833,2,2,2,2
2025-09-03 13:20:55.436,-508729,-550927,-542487,-583942,2,2,2,2
2025-09-03 13:20:55.463,-508404,-550895,-550394,-583909,2,2,2,2
2025-09-03 13:20:55.489,-492261,-550814,-534221,-583828,2,2,2,2
2025-09-03 13:20:55.517,-492094,-550780,-550456,-583792,2,2,2,2
2025-09-03 13:20:55.544,-492288,-534532,-550417,-583926,2,2,2,2
2025-09-03 13:20:55.571,-492054,-551021,-550447,-583953,2,2,2,2
2025-09-03 13:20:55.597,-492259,-550917,-534268,-583838,2,2,2,2
2025-09-03 13:20:55.624,-492030,-550683,-534087,-583686,2,2,2,2
2025-09-03 13:20:55.653,-492140,-542873,-550612,-584052,2,2,2,2
2025-09-03 13:20:55.681,-492143,-534488,-550541,-583793,2,2,2,2
2025-09-03 13:20:55.709,-492144,-534474,-550636,-583794,2,2,2,2
2025-09-03 13:20:55.736,-492047,-534666,-550519,-583948,2,2,2,2
2025-09-03 13:20:55.763,-492155,-551164,-550645,-584064,2,2,2,2
2025-09-03 13:20:55.790,-492280,-551108,-550764,-583952,2,2,2,2
2025-09-03 13:20:55.817,-492163,-550941,-550653,-584091,2,2,2,2
2025-09-03 13:20:55.844,-508447,-550931,-550652,-584167,2,2,2,2
2025-09-03 13:20:55.871,-508570,-551046,-550759,-583954,2,2,2,2
2025-09-03 13:20:55.899,-492142,-534582,-550648,-584162,2,2,2,2
2025-09-03 13:20:55.927,-492034,-542712,-550634,-583828,2,2,2,2
2025-09-03 13:20:55.954,-492279,-551154,-550889,-584066,2,2,2,2
2025-09-03 13:20:55.981,-492156,-550972,-550505,-583946,2,2,2,2
2025-09-03 13:20:56.008,-491996,-550889,-534249,-583797,2,2,2,2
2025-09-03 13:20:56.036,-492083,-551036,-534074,-583943,2,2,2,2
2025-09-03 13:20:56.064,-491807,-534325,-550502,-583923,2,2,2,2
2025-09-03 13:20:56.091,-492002,-534530,-550640,-583808,2,2,2,2
2025-09-03 13:20:56.118,-508431,-551009,-534027,-583911,2,2,2,2
2025-09-03 13:20:56.145,-491925,-550897,-550559,-583801,2,2,2,2
2025-09-03 13:20:56.172,-492038,-551011,-550420,-583919,2,2,2,2
2025-09-03 13:20:56.200,-492084,-551050,-534078,-583966,2,2,2,2
2025-09-03 13:20:56.226,-508225,-550755,-542234,-583686,2,2,2,2
2025-09-03 13:20:56.253,-508357,-550904,-542434,-583885,2,2,2,2
2025-09-03 13:20:56.281,-508183,-550680,-534031,-583925,2,2,2,2
2025-09-03 13:20:56.308,-508289,-550790,-542087,-583698,2,2,2,2
2025-09-03 13:20:56.335,-491802,-550695,-550243,-583672,2,2,2,2
2025-09-03 13:20:56.363,-491782,-550675,-550168,-583624,2,2,2,2
2025-09-03 13:20:56.390,-492030,-550663,-534030,-583837,2,2,2,2
2025-09-03 13:20:56.417,-492020,-550908,-534017,-583823,2,2,2,2
2025-09-03 13:20:56.443,-492020,-550894,-550409,-583874,2,2,2,2
2025-09-03 13:20:56.471,-492007,-550884,-533954,-583832,2,2,2,2
2025-09-03 13:20:56.498,-492006,-550816,-550385,-583839,2,2,2,2
2025-09-03 13:20:56.525,-491795,-534282,-550502,-575498,2,2,2,2
2025-09-03 13:20:56.551,-491781,-550901,-534027,-583920,2,2,2,2
2025-09-03 13:20:56.579,-492023,-550886,-534039,-583920,2,2,2,2
2025-09-03 13:20:56.607,-491802,-534283,-550517,-583696,2,2,2,2
2025-09-03 13:20:56.634,-491899,-550692,-550553,-583734,2,2,2,2
2025-09-03 13:20:56.662,-492231,-551036,-534250,-584072,2,2,2,2
2025-09-03 13:20:56.689,-492035,-550890,-534125,-583934,2,2,2,2
2025-09-03 13:20:56.716,-491807,-550670,-550546,-583741,2,2,2,2
2025-09-03 13:20:56.743,-491920,-550865,-550412,-583868,2,2,2,2
2025-09-03 13:20:56.770,-491990,-550798,-534031,-583829,2,2,2,2
2025-09-03 13:20:56.797,-508395,-550901,-534139,-583925,2,2,2,2
2025-09-03 13:20:56.824,-492023,-542465,-550598,-583932,2,2,2,2
2025-09-03 13:20:56.850,-492169,-534709,-550678,-584069,2,2,2,2
2025-09-03 13:20:56.877,-491801,-550783,-534264,-583709,2,2,2,2
2025-09-03 13:20:56.906,-491548,-550522,-550150,-583539,2,2,2,2
2025-09-03 13:20:56.933,-491879,-550719,-550412,-583736,2,2,2,2
2025-09-03 13:20:56.960,-491892,-534493,-550501,-583831,2,2,2,2
2025-09-03 13:20:56.987,-491786,-542495,-550642,-583710,2,2,2,2
2025-09-03 13:20:57.014,-491913,-534410,-550522,-575713,2,2,2,2
2025-09-03 13:20:57.042,-508217,-550793,-534117,-583823,2,2,2,2
2025-09-03 13:20:57.070,-491897,-550766,-550428,-583801,2,2,2,2
2025-09-03 13:20:57.097,-491794,-550668,-550649,-583694,2,2,2,2
2025-09-03 13:20:57.123,-491779,-550666,-550639,-583684,2,2,2,2
2025-09-03 13:20:57.150,-491909,-534331,-550432,-583803,2,2,2,2
2025-09-03 13:20:57.177,-508172,-550658,-533998,-583705,2,2,2,2
2025-09-03 13:20:57.205,-491802,-534285,-550497,-583802,2,2,2,2
2025-09-03 13:20:57.232,-491909,-550772,-550464,-583924,2,2,2,2
2025-09-03 13:20:57.260,-491931,-534414,-550541,-575744,2,2,2,2
2025-09-03 13:20:57.287,-491903,-550709,-550518,-583915,2,2,2,2
2025-09-03 13:20:57.314,-492007,-534413,-550628,-583945,2,2,2,2
2025-09-03 13:20:57.342,-492149,-534640,-550803,-575986,2,2,2,2
2025-09-03 13:20:57.369,-491995,-550808,-534266,-583957,2,2,2,2
2025-09-03 13:20:57.397,-508401,-550906,-550424,-583728,2,2,2,2
2025-09-03 13:20:57.430,-491885,-550711,-550550,-583916,2,2,2,2
2025-09-03 13:20:57.452,-508402,-550892,-534034,-583709,2,2,2,2
2025-09-03 13:20:57.486,-508400,-550908,-542228,-583722,2,2,2,2
2025-09-03 13:20:57.506,-492019,-542724,-550669,-583963,2,2,2,2
2025-09-03 13:20:57.534,-492021,-550941,-550755,-583960,2,2,2,2
2025-09-03 13:20:57.561,-492034,-550947,-550767,-583998,2,2,2,2
2025-09-03 13:20:57.589,-492049,-550964,-550759,-583988,2,2,2,2
2025-09-03 13:20:57.617,-492141,-534710,-550797,-575904,2,2,2,2
2025-09-03 13:20:57.645,-492270,-550929,-550679,-583996,2,2,2,2
2025-09-03 13:20:57.672,-508442,-551036,-550792,-584132,2,2,2,2
2025-09-03 13:20:57.699,-492012,-550926,-550683,-583961,2,2,2,2
2025-09-03 13:20:57.727,-492160,-551147,-550907,-583942,2,2,2,2
2025-09-03 13:20:57.753,-492157,-551128,-550898,-584177,2,2,2,2
2025-09-03 13:20:57.780,-492018,-551010,-550720,-584059,2,2,2,2
2025-09-03 13:20:57.807,-492021,-550927,-550707,-584050,2,2,2,2
2025-09-03 13:20:57.835,-492254,-551162,-550684,-583963,2,2,2,2
2025-09-03 13:20:57.861,-492226,-551056,-534507,-584185,2,2,2,2
2025-09-03 13:20:57.889,-492274,-534535,-550754,-584054,2,2,2,2
2025-09-03 13:20:57.916,-508432,-550941,-550763,-583997,2,2,2,2
2025-09-03 13:20:57.944,-491924,-550811,-550633,-583939,2,2,2,2
2025-09-03 13:20:57.971,-491935,-534429,-550644,-575765,2,2,2,2
2025-09-03 13:20:57.998,-492006,-534467,-550652,-575770,2,2,2,2
2025-09-03 13:20:58.026,-491834,-550785,-534210,-583933,2,2,2,2
2025-09-03 13:20:58.054,-492016,-534282,-550431,-583795,2,2,2,2
2025-09-03 13:20:58.081,-491763,-550667,-550508,-583806,2,2,2,2
2025-09-03 13:20:58.109,-492002,-542713,-550420,-583791,2,2,2,2
2025-09-03 13:20:58.137,-491920,-550888,-550418,-583725,2,2,2,2
2025-09-03 13:20:58.164,-491797,-534388,-550629,-575750,2,2,2,2
2025-09-03 13:20:58.198,-491790,-534330,-550544,-583684,2,2,2,2
2025-09-03 13:20:58.218,-508403,-550907,-534140,-583839,2,2,2,2
2025-09-03 13:20:58.246,-491908,-542597,-550654,-583779,2,2,2,2
2025-09-03 13:20:58.273,-491936,-550895,-550687,-584140,2,2,2,2
2025-09-03 13:20:58.300,-492031,-550928,-550775,-584167,2,2,2,2
2025-09-03 13:20:58.327,-492004,-550886,-550422,-583801,2,2,2,2
2025-09-03 13:20:58.354,-508381,-550899,-534027,-583801,2,2,2,2
2025-09-03 13:20:58.383,-492023,-550917,-550764,-584077,2,2,2,2
2025-09-03 13:20:58.410,-491799,-550686,-550539,-583906,2,2,2,2
2025-09-03 13:20:58.439,-491782,-550665,-550597,-583830,2,2,2,2
2025-09-03 13:20:58.466,-491784,-550661,-550454,-583815,2,2,2,2
2025-09-03 13:20:58.494,-492024,-534278,-550538,-575642,2,2,2,2
